"462459295,2026-02-23T07:33:52Z,1404/12/04 11:03,ุงูุฑ ,ashkan1395,twit,#ูุฒุฑ ูฺฏุงู ุจู ฺฏุฐุดุชู ุณูู ฺฉูุฏ ุงุฒ ุงู ูพุงูุชุฑ ูุงูุฏู ูพุณ ููุช ุฎุฑุฏ ุงุณุช ูู ูุฑูุด"
"462459287,2026-02-23T07:33:47Z,1404/12/04 11:03,ููุฏ ุนุฑูุงู,pahlavanmehdi,twit,๐บ๐บ๐บ๐บ๐บ   #ุณูุฑูุฒ ุจุง ุงูุช ุจู ุจุงุฒุงุฑ ุจุฑฺฏุดุช\n\nุณูุฑูุฒ ุจุง ุชุบุฑุงุช ุฌุงูุจ ููุงุฌู ุดุฏ ู ุฏุฑูุฒ ุจุง ุงูุช ุจู ุจุงุฒุงุฑ ุจุฑฺฏุดุช. ุจู ูุธุฑ ุจุง ุณุฑูุงู ุฌุฏุฏ 3500 ุฑุงู ุณูุฏ ุฏุงุดุชู ุจุงุดุฏ ู ฺฉ ุชูุณู ฺฉูฺฺฉ ูู ูพุด ุฑู ุฏุงุฑุฏ ู ุจู ูุธุฑ ููุชโูุง ูุนูุ ููุชโูุง ุบุฑููุทู ูุณุช. #ุณุชุฑุงู ูู ุจู ุฌุง ุฎูุจ ุงุณุช ู ุจุง 2500 ุฑุงู ุณูุฏุ ูุจุงุฏ ุฏุฑ ุงู ุจุงุดุฏ. ุจู ุฒูุฏ #ุณูฺฏูุช ูู ฺฏุฒุงุฑุด ูโุฒูุฏ ู ุจุฑุง ุณุชุฑุงู ููู ุงุณุช. ุฏุฑูุฒ ุดุงูุฏ ุงูุฒุงุด ูุฑุฎโูุง ุจูุฏูุ ูุซูุงู ุฏุฑ ฺฉุฑูุงูุ ุจุฑุฎ ุงุฒ ุขุบุงุฒ ุชุญุฑฺฉุงุช ุจุง ุฑุดุฏ ุชูุงุถุง ุตุญุจุช ูโฺฉููุฏ. ุณูุงู ฺฉุฑูุงูุ ุฏุฑูุฒ ุจุง ูุฑุฎ 3.77 ูููู ุชููุงู ูุฑ ุชู ุณูุงู ฺฉุณู ุฑุง ุจู ูุฑูุด ุฑุณุงูุฏู ู ูุฑุฎ ููุชู ูพุด ููู ูุฏู ุณูุงู 2580 ุชููุงู ู ููุชู ูุจูโุชุฑ 2300 ุชููุงู ู ููุชู ูุจูโุชุฑ ุงุฒ ุขู 2177 ุชููุงู ุจูุฏู ุงุณุช. ุจู ูุธุฑ ุงู ุฎุจุฑ ูโุชูุงูุฏ ูุถุง ุฎูุจ ุจุฑุง ฺฉู ฺฏุฑูู ุงุฌุงุฏ ฺฉูุฏ."
"462459284,2026-02-23T07:33:44Z,1404/12/04 11:03,ุญุณู,seeyd,twit,#ุดุงุฎุต_ุจูุฑุณ ุญุฐู ด ุตูุฑ ูพูู ูุงุฑุฏ ูุงุฒ ุงุฌุฑุง ุดุฏ\n\n๐บุจุงูฺฉ ูุฑฺฉุฒ ูพุดโููุณ ุขูโูุงูู ุญุฐู ฺูุงุฑ ุตูุฑ ุงุฒ ูพูู ูู ุฑุง ุชุตูุจ ฺฉุฑุฏ ู ุงุฌุฑุง ุทุฑุญ ูพุณ ุงุฒ ุชุฃุฏ ุฏููุช ุขุบุงุฒ ูโุดูุฏ.\n๐บุฒูุงู ุขุบุงุฒ ุฏูุฑู ฺฏุฐุงุฑ ุญุฏุงูู ฺูุงุฑ ูุงู ูุจู ุงุฒ ุดุฑูุน ุจู ุตูุฑุช ุนููู ุงุทูุงุน ุฑุณุงู ู ุดูุฏ ู ุฏุฑ ุฏูุฑู ฺฏุฐุงุฑ ูุฑ ุฏู ูุงุญุฏ ูพูู ุฏุฑ ฺฏุฑุฏุด ุฎูุงูุฏ ุจูุฏ."
"462459276,2026-02-23T07:33:34Z,1404/12/04 11:03,ุนูุฑุงู ุฏุฑูุด,emrandn,twit,๐ูุฒูฺฏ ุฑุงุฒ  ฺฏู ฺฉุงุดุช\n\n๐ธุดุฑฺฉุช ูุฒูฺฏ ุฑุงุฒุุงุฒ ุฑุดุฏ ตทน ุฏุฑุตุฏ ูุฌููุน ุฏุฑุขูุฏูุง ุนููุงุช ุฎูุฏ ุจุฑุง ุฏูุฑู น ูุงูู ููุชู ุจู ุขุฐุฑูุงู ุณุงูุฌุงุฑ  ูุณุจุช ุจู ุฏูุฑู ูุดุงุจู ุณุงู ูุจู ุฑูููุง ฺฉุฑุฏู  ู ุงุนูุงู ุฏุงุดุชู ุงุณุช ฺฉู ูุฌููุน ุฏุฑุขูุฏูุง ุนููุงุช ุงู ุดุฑฺฉุช ุจุฑุง ุฏูุฑู น ูุงูู ููุชู ุจู ุขุฐุฑูุงู ุณุงูุฌุงุฑ ุงุฒ ูุฑุฒ ดถ ููุงุฑุฏ ุชููุงู ุนุจูุฑ ฺฉุฑุฏู ุงุณุช.\n\n๐ธูุฌููุน ุฏุฑุขูุฏูุง ุนููุงุช ุดุฑฺฉุช ูุฒูฺฏ ุฑุงุฒ ุฏุฑ ุฏูุฑู ูุดุงุจู ุณุงู ูุจู ุฏุฑูุญุฏูุฏู ถ ููุงุฑุฏ ู นฐฐ ูููู ุชููุงู ุจูุฏู ุงุณุชุ ุงุฒุดุฑฺฉุช ูุฒูฺฏ  ุฑุงุฒุุจู ุนููุงู ฺฉ ุงุฒุดุฑฺฉุช ูุง ูุฒูฺฏ ูุนุงู ุฏุฑฺฉุดูุฑุงุฏ ู ุดูุฏ ฺฉู  ุจู ุชุงูู ูุงู ูุดุชุฑุงู ุงุฒ ุทุฑู ุชูู ฺฉุงูุง ุงุนู ุงุฒ ููููู ู ุบุฑ ููููู ุชูุณุท ุดุฑฺฉุช ู ูุงฺฏุฐุงุฑ ุขู ุจู ูุดุชุฑุงู ุฏุฑ ูุงูุจ ฺฉ ุงุฒ ูุฑุงุฑุฏุงุฏูุง ุงุฌุงุฑู ุจู ุดุฑุท ุชููฺฉ ู ูุฑูุด ุงูุณุงุท ู ูพุฑุฏุงุฒุฏ."
"462459240,2026-02-23T07:32:09Z,1404/12/04 11:02,ุงุญุณุงู,ahsan2025,quote,#ุดูพูุง \n ุญุงุฌ ุนู ุงูุฑูุฒ ููฺฉูู ูุงุฏ ูู ูุฑุฏุงุฆ ูู ูุณุช !!!\n ุฎุฏุง ุณุฑูุงู ฺฏุฐุงุฑุงู ุฏุฑ ุจูุฑุณ ุฎู ุจุฒุฑฺฏู .\nุง ุญู"
"462459235,2026-02-23T07:32:08Z,1404/12/04 11:02,Ali,1365ff12,twit,#ุดุงุฎุต_ุจูุฑุณ ูฺ ูุฎุฑู ุชุง ุชฺฉูู ูุนููู ุจุดู  ฺฏูู ู ุฑูุฒ ุตู ุฎุฑุฏ ุฑู ูุฎูุฑู ุงูุง ุจุดุฑู ุชุฑ ุงุฒ ุงูู ูุณุชู ฺฉู ุญูุงุช ฺฉูู ุงูุจุชู ุฎุฑุฏุงุฑ ุฏฺฏู ูุณุช ุณูู ูู ุงูุฑูุฒ ูุซุจุช ุณู ูุณุช ูู ุจุงุฒ ุญููู ุฏุณุช ุงุฒ ูุฑูุด ูฺฉุดุฏ   ุงู ูุดูู ูุฏู ุฎูุฏ ุญููู ูู ุงูุฏ ุจู ุจุงุฒุงุฑ ูุฏุงุฑู"
"462456284,2026-02-23T06:12:47Z,1404/12/04 09:42,casino,casino,retwit,#ุดุจูุฏุฑ โ ุดุจูุฏุฑ ุงุฒ ุณูู ูุง ุงุฑุฒูุฏู ู ุจูุงุฏ ู ุณูุฏุณุงุฒ ุงุณุช.\nุดุจูุฏุฑ ุจุง ุฏูุงุฑ  138 ูุฒุงุฑ ุชููุงู ูุฑฺฉุฒ ูุจุงุฏูู ุ ุจุงูุง 350 ุชููุงู ุณูุฏ ุฎูุงูุฏ ุณุงุฎุช .\nP/E ุชุญูู ุดุจูุฏุฑ ฒ ุงุณุช.\nุณูู ููุงุณุจ ุฎุฑุฏ ู ูฺฏูุฏุงุฑ."
"462459219,2026-02-23T07:31:46Z,1404/12/04 11:01,E,hadi676767,twit,#ุชูพฺฉู \nุจุนุฏ ธต ุฏุฑุตุฏ ููู ุงุฒ ุงุตู ุณุฑูุงู ุท ุดุด ุณุงู ุจุจู ฺู ุฏุณุช ู ูพุง ูุฒูู ุชู ููู๐ค๐ค๐ค๐คฆ"
"462459200,2026-02-23T07:31:11Z,1404/12/04 11:01,ุชุฑุฏุฑ 1,bahraminanlo,twit,#ูุซุงุจุช ุฒุฑ ุฎุงฺฉ ูพุฑุชูู ูู ฺฉ ุณูู ุชุตูู ุจฺฏุฑู ูู ุญุงุถุฑู ู ุฎุฑุฏุงุฑ"
"462459193,2026-02-23T07:30:57Z,1404/12/04 11:00,hossein,traderwolf3,twit,#ุดุงุฎุต_ุจูุฑุณ ุฎุจ ุฎุจ ฺฉู ฺฉู ุจูโ ุงูู ูุญุธุงุช ูุงุจ ฺฉูโ ฺฏูุชู ุจูุฏู ูุฒุฏฺฉ ูุดู ุฎุจุฑ ูุง ููู ู ุบุฑ ูุงุจู ุชุตูุฑ ุฏุฑ ุฑุงูู...."
